"Part";"Value";"Device";"Package";"Description";"ALLIED_NUMBER";"ALLIED_PRICE-STOCK";"AVAILABILITY";"DESCRIPTION";"HEIGHT";"MANUFACTURER_NAME";"MANUFACTURER_PART_NUMBER";"MF";"MOUSER_PART_NUMBER";"MOUSER_PRICE-STOCK";"MP";"PACKAGE";"POPULARITY";"PRICE";"PROD_ID";"RS_PART_NUMBER";"RS_PRICE-STOCK";"SF_SKU";"SPICEPREFIX";
"B1";"Tadian TL-5920/T";"TADIRAN_TL-5920/TTADIRAN_TL-5920/T";"RESAD5660W100L5000D2620B";"";"";"";"";"";"";"";"";"";"";"";"";"";"";"";"";"";"";"";"";
"B2";"Tadian TL-5920/T";"TADIRAN_TL-5920/TTADIRAN_TL-5920/T";"RESAD5660W100L5000D2620B";"";"";"";"";"";"";"";"";"";"";"";"";"";"";"";"";"";"";"";"";
"C1";"4.7uF";"C1206C475K4RACTU";"CAPC3216X110N";"CAPACITOR, 1206 4.7uF +/-10% 16V";"70096740";"https://www.alliedelec.com/kemet-c1206c475k3ractu/70096740/";"";"CAPACITOR, 1206 4.7uF +/-10% 16V";"mm";"Kemet";"C1206C475K4RACTU";"";"80-C1206C475K4RACTU";"https://www.mouser.com/Search/Refine.aspx?Keyword=80-C1206C475K3R";"";"";"";"";"";"6911221P";"http://uk.rs-online.com/web/p/products/6911221P";"";"";
"C2";"0.1uF";"C1206C104K4RACTU";"CAPC3216X88N";"KEMET - C1206C104K4RACTU - CAP, MLCC, X7R, 0.1UF, 16V, 1206";"";"";"";"KEMET - C1206C104K4RACTU - CAP, MLCC, X7R, 0.1UF, 16V, 1206";"0.88mm";"Kemet";"C1206C104K4RACTU";"";"80-C1206C104K4R";"https://www.mouser.com/Search/Refine.aspx?Keyword=80-C1206C104K4R";"";"";"";"";"";"";"";"";"";
"C3";"1uF";"C1206C105K4RACTU";"CAPC3216X135N";"1206 X7R ceramic capacitor, 1uF 16V KEMET 1uF Multilayer Ceramic Capacitor (MLCC) 16 V dc +/-10% X7R dielectric C SMD max op. temp. +125C";"70096957";"https://www.alliedelec.com/kemet-c1206c105k4ractu/70096957/";"";"1206 X7R ceramic capacitor, 1uF 16V KEMET 1uF Multilayer Ceramic Capacitor (MLCC) 16 V dc +/-10% X7R dielectric C SMD max op. temp. +125C";"1.35mm";"Kemet";"C1206C105K4RACTU";"";"80-C1206C105K4R";"https://www.mouser.com/Search/Refine.aspx?Keyword=80-C1206C105K4R";"";"";"";"";"";"6480733P";"http://uk.rs-online.com/web/p/products/6480733P";"";"";
"C4";"10uF";"865230340001";"CAPAE530X550N";"Wurth Elektronik 10uF 16 V dc Aluminium Electrolytic Capacitor, WCAP-AS5H Series 5000h 5.5 (Dia.) x 3.85mm";"";"";"";"Wurth Elektronik 10uF 16 V dc Aluminium Electrolytic Capacitor, WCAP-AS5H Series 5000h 5.5 (Dia.) x 3.85mm";"5.5mm";"Wurth Elektronik";"865230340001";"";"710-865230340001";"https://www.mouser.com/Search/Refine.aspx?Keyword=710-865230340001";"";"";"";"";"";"8387778P";"http://uk.rs-online.com/web/p/products/8387778P";"";"";
"C5";"0.1uF";"C1206C104K4RACTU";"CAPC3216X88N";"KEMET - C1206C104K4RACTU - CAP, MLCC, X7R, 0.1UF, 16V, 1206";"";"";"";"KEMET - C1206C104K4RACTU - CAP, MLCC, X7R, 0.1UF, 16V, 1206";"0.88mm";"Kemet";"C1206C104K4RACTU";"";"80-C1206C104K4R";"https://www.mouser.com/Search/Refine.aspx?Keyword=80-C1206C104K4R";"";"";"";"";"";"";"";"";"";
"C6";"4.7uF";"865250340002";"CAPAE430X550N";"Wurth Elektronik 4.7F 16V dc Aluminium Electrolytic Capacitor, Surface Mount 5.5 (Dia.) x 3.85mm +85C 5.5mm 1mm";"";"";"";"Wurth Elektronik 4.7F 16V dc Aluminium Electrolytic Capacitor, Surface Mount 5.5 (Dia.) x 3.85mm +85C 5.5mm 1mm";"5.5mm";"Wurth Elektronik";"865250340002";"";"710-865250340002";"https://www.mouser.com/Search/Refine.aspx?Keyword=710-865250340002";"";"";"";"";"";"8395069P";"http://uk.rs-online.com/web/p/products/8395069P";"";"";
"C7";"0.1uF";"C1206C104K4RACTU";"CAPC3216X88N";"KEMET - C1206C104K4RACTU - CAP, MLCC, X7R, 0.1UF, 16V, 1206";"";"";"";"KEMET - C1206C104K4RACTU - CAP, MLCC, X7R, 0.1UF, 16V, 1206";"0.88mm";"Kemet";"C1206C104K4RACTU";"";"80-C1206C104K4R";"https://www.mouser.com/Search/Refine.aspx?Keyword=80-C1206C104K4R";"";"";"";"";"";"";"";"";"";
"C8";"0.1uF";"C1206C104K4RACTU";"CAPC3216X88N";"KEMET - C1206C104K4RACTU - CAP, MLCC, X7R, 0.1UF, 16V, 1206";"";"";"";"KEMET - C1206C104K4RACTU - CAP, MLCC, X7R, 0.1UF, 16V, 1206";"0.88mm";"Kemet";"C1206C104K4RACTU";"";"80-C1206C104K4R";"https://www.mouser.com/Search/Refine.aspx?Keyword=80-C1206C104K4R";"";"";"";"";"";"";"";"";"";
"C9";"0.1uF";"C1206C104K4RACTU";"CAPC3216X88N";"KEMET - C1206C104K4RACTU - CAP, MLCC, X7R, 0.1UF, 16V, 1206";"";"";"";"KEMET - C1206C104K4RACTU - CAP, MLCC, X7R, 0.1UF, 16V, 1206";"0.88mm";"Kemet";"C1206C104K4RACTU";"";"80-C1206C104K4R";"https://www.mouser.com/Search/Refine.aspx?Keyword=80-C1206C104K4R";"";"";"";"";"";"";"";"";"";
"C10";"0.1uF";"C1206C104K4RACTU";"CAPC3216X88N";"KEMET - C1206C104K4RACTU - CAP, MLCC, X7R, 0.1UF, 16V, 1206";"";"";"";"KEMET - C1206C104K4RACTU - CAP, MLCC, X7R, 0.1UF, 16V, 1206";"0.88mm";"Kemet";"C1206C104K4RACTU";"";"80-C1206C104K4R";"https://www.mouser.com/Search/Refine.aspx?Keyword=80-C1206C104K4R";"";"";"";"";"";"";"";"";"";
"C11";"6.8pF";"VJ1206A6R8CXXCW1BC";"CAPC3216X170N";"Multilayer Ceramic Capacitors MLCC - SMD/SMT 1206 6.8pF 25volts C0G +/-0.25pF";"";"";"";"Multilayer Ceramic Capacitors MLCC - SMD/SMT 1206 6.8pF 25volts C0G +/-0.25pF";"1.7mm";"Vishay";"VJ1206A6R8CXXCW1BC";"";"77-VJ1206A6R8CXXCBC";"https://www.mouser.com/Search/Refine.aspx?Keyword=77-VJ1206A6R8CXXCBC";"";"";"";"";"";"";"";"";"";
"C12";"6.8pF";"VJ1206A6R8CXXCW1BC";"CAPC3216X170N";"Multilayer Ceramic Capacitors MLCC - SMD/SMT 1206 6.8pF 25volts C0G +/-0.25pF";"";"";"";"Multilayer Ceramic Capacitors MLCC - SMD/SMT 1206 6.8pF 25volts C0G +/-0.25pF";"1.7mm";"Vishay";"VJ1206A6R8CXXCW1BC";"";"77-VJ1206A6R8CXXCBC";"https://www.mouser.com/Search/Refine.aspx?Keyword=77-VJ1206A6R8CXXCBC";"";"";"";"";"";"";"";"";"";
"C13";"4.7uF";"C1206C475K4RACTU";"CAPC3216X110N";"CAPACITOR, 1206 4.7uF +/-10% 16V";"70096740";"https://www.alliedelec.com/kemet-c1206c475k3ractu/70096740/";"";"CAPACITOR, 1206 4.7uF +/-10% 16V";"mm";"Kemet";"C1206C475K4RACTU";"";"80-C1206C475K4RACTU";"https://www.mouser.com/Search/Refine.aspx?Keyword=80-C1206C475K3R";"";"";"";"";"";"6911221P";"http://uk.rs-online.com/web/p/products/6911221P";"";"";
"C14";"4.7uF";"865250340002";"CAPAE430X550N";"Wurth Elektronik 4.7F 16V dc Aluminium Electrolytic Capacitor, Surface Mount 5.5 (Dia.) x 3.85mm +85C 5.5mm 1mm";"";"";"";"Wurth Elektronik 4.7F 16V dc Aluminium Electrolytic Capacitor, Surface Mount 5.5 (Dia.) x 3.85mm +85C 5.5mm 1mm";"5.5mm";"Wurth Elektronik";"865250340002";"";"710-865250340002";"https://www.mouser.com/Search/Refine.aspx?Keyword=710-865250340002";"";"";"";"";"";"8395069P";"http://uk.rs-online.com/web/p/products/8395069P";"";"";
"C15";"0.1uF";"C1206C104K4RACTU";"CAPC3216X88N";"KEMET - C1206C104K4RACTU - CAP, MLCC, X7R, 0.1UF, 16V, 1206";"";"";"";"KEMET - C1206C104K4RACTU - CAP, MLCC, X7R, 0.1UF, 16V, 1206";"0.88mm";"Kemet";"C1206C104K4RACTU";"";"80-C1206C104K4R";"https://www.mouser.com/Search/Refine.aspx?Keyword=80-C1206C104K4R";"";"";"";"";"";"";"";"";"";
"C16";"4.7uF";"865250340002";"CAPAE430X550N";"Wurth Elektronik 4.7F 16V dc Aluminium Electrolytic Capacitor, Surface Mount 5.5 (Dia.) x 3.85mm +85C 5.5mm 1mm";"";"";"";"Wurth Elektronik 4.7F 16V dc Aluminium Electrolytic Capacitor, Surface Mount 5.5 (Dia.) x 3.85mm +85C 5.5mm 1mm";"5.5mm";"Wurth Elektronik";"865250340002";"";"710-865250340002";"https://www.mouser.com/Search/Refine.aspx?Keyword=710-865250340002";"";"";"";"";"";"8395069P";"http://uk.rs-online.com/web/p/products/8395069P";"";"";
"C17";"1uF";"C1206C105K4RACTU";"CAPC3216X135N";"1206 X7R ceramic capacitor, 1uF 16V KEMET 1uF Multilayer Ceramic Capacitor (MLCC) 16 V dc +/-10% X7R dielectric C SMD max op. temp. +125C";"70096957";"https://www.alliedelec.com/kemet-c1206c105k4ractu/70096957/";"";"1206 X7R ceramic capacitor, 1uF 16V KEMET 1uF Multilayer Ceramic Capacitor (MLCC) 16 V dc +/-10% X7R dielectric C SMD max op. temp. +125C";"1.35mm";"Kemet";"C1206C105K4RACTU";"";"80-C1206C105K4R";"https://www.mouser.com/Search/Refine.aspx?Keyword=80-C1206C105K4R";"";"";"";"";"";"6480733P";"http://uk.rs-online.com/web/p/products/6480733P";"";"";
"C18";"0.1uF";"C1206C104K4RACTU";"CAPC3216X88N";"KEMET - C1206C104K4RACTU - CAP, MLCC, X7R, 0.1UF, 16V, 1206";"";"";"";"KEMET - C1206C104K4RACTU - CAP, MLCC, X7R, 0.1UF, 16V, 1206";"0.88mm";"Kemet";"C1206C104K4RACTU";"";"80-C1206C104K4R";"https://www.mouser.com/Search/Refine.aspx?Keyword=80-C1206C104K4R";"";"";"";"";"";"";"";"";"";
"C19";"0.1uF";"C1206C104K4RACTU";"CAPC3216X88N";"KEMET - C1206C104K4RACTU - CAP, MLCC, X7R, 0.1UF, 16V, 1206";"";"";"";"KEMET - C1206C104K4RACTU - CAP, MLCC, X7R, 0.1UF, 16V, 1206";"0.88mm";"Kemet";"C1206C104K4RACTU";"";"80-C1206C104K4R";"https://www.mouser.com/Search/Refine.aspx?Keyword=80-C1206C104K4R";"";"";"";"";"";"";"";"";"";
"C20";"0.1uF";"C1206C104K4RACTU";"CAPC3216X88N";"KEMET - C1206C104K4RACTU - CAP, MLCC, X7R, 0.1UF, 16V, 1206";"";"";"";"KEMET - C1206C104K4RACTU - CAP, MLCC, X7R, 0.1UF, 16V, 1206";"0.88mm";"Kemet";"C1206C104K4RACTU";"";"80-C1206C104K4R";"https://www.mouser.com/Search/Refine.aspx?Keyword=80-C1206C104K4R";"";"";"";"";"";"";"";"";"";
"C21";"0.1uF";"C1206C104K4RACTU";"CAPC3216X88N";"KEMET - C1206C104K4RACTU - CAP, MLCC, X7R, 0.1UF, 16V, 1206";"";"";"";"KEMET - C1206C104K4RACTU - CAP, MLCC, X7R, 0.1UF, 16V, 1206";"0.88mm";"Kemet";"C1206C104K4RACTU";"";"80-C1206C104K4R";"https://www.mouser.com/Search/Refine.aspx?Keyword=80-C1206C104K4R";"";"";"";"";"";"";"";"";"";
"C22";"22pF";"885012008011";"CAPC3216X90N";"Multilayer Ceramic Chip Capacitor WCAP-CSGP Series 1206 22pF NP01206220J016DFCT10000";"";"";"";"Multilayer Ceramic Chip Capacitor WCAP-CSGP Series 1206 22pF NP01206220J016DFCT10000";"0.9mm";"Wurth Elektronik";"885012008011";"";"710-885012008011";"https://www.mouser.com/Search/Refine.aspx?Keyword=710-885012008011";"";"";"";"";"";"";"";"";"";
"C23";"22pF";"885012008011";"CAPC3216X90N";"Multilayer Ceramic Chip Capacitor WCAP-CSGP Series 1206 22pF NP01206220J016DFCT10000";"";"";"";"Multilayer Ceramic Chip Capacitor WCAP-CSGP Series 1206 22pF NP01206220J016DFCT10000";"0.9mm";"Wurth Elektronik";"885012008011";"";"710-885012008011";"https://www.mouser.com/Search/Refine.aspx?Keyword=710-885012008011";"";"";"";"";"";"";"";"";"";
"C24";"1uF";"C1206C105K4RACTU";"CAPC3216X135N";"1206 X7R ceramic capacitor, 1uF 16V KEMET 1uF Multilayer Ceramic Capacitor (MLCC) 16 V dc +/-10% X7R dielectric C SMD max op. temp. +125C";"70096957";"https://www.alliedelec.com/kemet-c1206c105k4ractu/70096957/";"";"1206 X7R ceramic capacitor, 1uF 16V KEMET 1uF Multilayer Ceramic Capacitor (MLCC) 16 V dc +/-10% X7R dielectric C SMD max op. temp. +125C";"1.35mm";"Kemet";"C1206C105K4RACTU";"";"80-C1206C105K4R";"https://www.mouser.com/Search/Refine.aspx?Keyword=80-C1206C105K4R";"";"";"";"";"";"6480733P";"http://uk.rs-online.com/web/p/products/6480733P";"";"";
"C25";"0.1uF";"C1206C104K4RACTU";"CAPC3216X88N";"KEMET - C1206C104K4RACTU - CAP, MLCC, X7R, 0.1UF, 16V, 1206";"";"";"";"KEMET - C1206C104K4RACTU - CAP, MLCC, X7R, 0.1UF, 16V, 1206";"0.88mm";"Kemet";"C1206C104K4RACTU";"";"80-C1206C104K4R";"https://www.mouser.com/Search/Refine.aspx?Keyword=80-C1206C104K4R";"";"";"";"";"";"";"";"";"";
"D1";"PRTR5V0U2X,215";"PRTR5V0U2X,215";"SOT-143B";"ESD Protection Diodes 5.5V Dual SOT143B NXP PRTR5V0U2X,215 Dual Uni-Directional TVS Diode, 4-Pin SOT-143B";"";"";"";"ESD Protection Diodes 5.5V Dual SOT143B NXP PRTR5V0U2X,215 Dual Uni-Directional TVS Diode, 4-Pin SOT-143B";"mm";"Nexperia";"PRTR5V0U2X,215";"";"771-PRTR5V0U2X-T/R";"https://www.mouser.com/Search/Refine.aspx?Keyword=771-PRTR5V0U2X-T%2FR";"";"";"";"";"";"7258720P";"http://uk.rs-online.com/web/p/products/7258720P";"";"";
"D2";"150060VS75000";"150060VS75000";"LEDC1608X80N";"LED,Wurth Elektronik,150060VS75000 Wurth Elektronik 150060VS75000, WL-SMCW Series Green LED, 570 nm, 1608 (0603) Clear, Rectangle Lens SMD Package";"";"";"";"LED,Wurth Elektronik,150060VS75000 Wurth Elektronik 150060VS75000, WL-SMCW Series Green LED, 570 nm, 1608 (0603) Clear, Rectangle Lens SMD Package";"0.8mm";"Wurth Elektronik";"150060VS75000";"";"710-150060VS75000";"https://www.mouser.com/Search/Refine.aspx?Keyword=710-150060VS75000";"";"";"";"";"";"8154215P";"http://uk.rs-online.com/web/p/products/8154215P";"";"";
"D3";"BAS16J,135";"BAS16J,135";"SOD2512X80N";"High-speed switching diodes";"";"";"";"High-speed switching diodes";"0.8mm";"Nexperia";"BAS16J,135";"";"771-BAS16J135";"https://www.mouser.com/Search/Refine.aspx?Keyword=771-BAS16J135";"";"";"";"";"";"";"";"";"";
"D4";"BAS16J,135";"BAS16J,135";"SOD2512X80N";"High-speed switching diodes";"";"";"";"High-speed switching diodes";"0.8mm";"Nexperia";"BAS16J,135";"";"771-BAS16J135";"https://www.mouser.com/Search/Refine.aspx?Keyword=771-BAS16J135";"";"";"";"";"";"";"";"";"";
"D5";"150060VS75000";"150060VS75000";"LEDC1608X80N";"LED,Wurth Elektronik,150060VS75000 Wurth Elektronik 150060VS75000, WL-SMCW Series Green LED, 570 nm, 1608 (0603) Clear, Rectangle Lens SMD Package";"";"";"";"LED,Wurth Elektronik,150060VS75000 Wurth Elektronik 150060VS75000, WL-SMCW Series Green LED, 570 nm, 1608 (0603) Clear, Rectangle Lens SMD Package";"0.8mm";"Wurth Elektronik";"150060VS75000";"";"710-150060VS75000";"https://www.mouser.com/Search/Refine.aspx?Keyword=710-150060VS75000";"";"";"";"";"";"8154215P";"http://uk.rs-online.com/web/p/products/8154215P";"";"";
"F1";"MF-MSMF050-2";"MF-MSMF050-2";"FUSC4632X85N";"Fuse, PTC, Resettable, SMD, 1812, 500mA Bourns 0.5A Surface Mount Resettable Fuse, 15 V";"70153466";"https://www.alliedelec.com/bourns-mf-msmf050-2/70153466/";"";"Fuse, PTC, Resettable, SMD, 1812, 500mA Bourns 0.5A Surface Mount Resettable Fuse, 15 V";"0.85mm";"Bourns";"MF-MSMF050-2";"";"652-MF-MSMF050-2";"https://www.mouser.com/Search/Refine.aspx?Keyword=652-MF-MSMF050-2";"";"";"";"";"";"6478156P";"http://uk.rs-online.com/web/p/products/6478156P";"";"";
"H1";"JSN-SR04T";"JSN-SR04T-2.0JSN20CUSTOM";"HDRV4W64P254_1X4_1016X508X838B";"PIN HEADER";"";"";"";"";"";"";"";"";"";"";"";"";"";"";"";"";"";"";"";
"H2";"MOUNT-HOLE3.0";"MOUNT-HOLE3.0";"3,0";"MOUNTING HOLE with drill center marker";"";"";"";"";"";"";"";"";"";"";"";"";"3";"";"";"";"";"";"";
"H3";"MOUNT-HOLE3.0";"MOUNT-HOLE3.0";"3,0";"MOUNTING HOLE with drill center marker";"";"";"";"";"";"";"";"";"";"";"";"";"3";"";"";"";"";"";"";
"H4";"MOUNT-HOLE3.0";"MOUNT-HOLE3.0";"3,0";"MOUNTING HOLE with drill center marker";"";"";"";"";"";"";"";"";"";"";"";"";"3";"";"";"";"";"";"";
"H5";"MOUNT-HOLE3.0";"MOUNT-HOLE3.0";"3,0";"MOUNTING HOLE with drill center marker";"";"";"";"";"";"";"";"";"";"";"";"";"3";"";"";"";"";"";"";
"IC1";"MIC5201-3.3YM";"MIC5201-3.3YM";"SOIC127P599X173-8N";"Micrel MIC5201-3.3YM, LDO Voltage Regulator, 200mA, 3.3 V, +/-1%, 2.5  26 Vin 8-Pin, SOIC";"";"";"";"Micrel MIC5201-3.3YM, LDO Voltage Regulator, 200mA, 3.3 V, +/-1%, 2.5  26 Vin 8-Pin, SOIC";"1.73mm";"Microchip";"MIC5201-3.3YM";"";"998-MIC5201-3.3YM";"https://www.mouser.com/Search/Refine.aspx?Keyword=998-MIC5201-3.3YM";"";"";"";"";"";"9101385P";"http://uk.rs-online.com/web/p/products/9101385P";"";"";
"IC2";"MIC5201-5.0YM";"MIC5201-3.3YM";"SOIC127P599X173-8N";"Micrel MIC5201-3.3YM, LDO Voltage Regulator, 200mA, 3.3 V, +/-1%, 2.5  26 Vin 8-Pin, SOIC";"";"";"";"Micrel MIC5201-3.3YM, LDO Voltage Regulator, 200mA, 3.3 V, +/-1%, 2.5  26 Vin 8-Pin, SOIC";"1.73mm";"Microchip";"MIC5201-3.3YM";"";"998-MIC5201-3.3YM";"https://www.mouser.com/Search/Refine.aspx?Keyword=998-MIC5201-3.3YM";"";"";"";"";"";"9101385P";"http://uk.rs-online.com/web/p/products/9101385P";"";"";
"IC3";"RN2483A";"RN2483A-I_RM104";"RN2483AIRM104";"MICROCHIP - RN2483A-I/RM104 - TRANSCEIVER MODULE, 300KBPS, 870MHZ";"";"";"";"MICROCHIP - RN2483A-I/RM104 - TRANSCEIVER MODULE, 300KBPS, 870MHZ";"3.34mm";"Microchip";"RN2483A-I/RM104";"";"579-RN2483A-I/RM104";"https://www.mouser.com/Search/Refine.aspx?Keyword=579-RN2483A-I%2FRM104";"";"";"";"";"";"";"";"";"";
"IC5";"ISO LoRa";"ISO7421DR";"SOIC127P600X175-8N";"Dual Channel, 1/1, 1Mbps Digital Isolator";"";"";"";"Dual Channel, 1/1, 1Mbps Digital Isolator";"1.75mm";"Texas Instruments";"ISO7421DR";"";"595-ISO7421DR";"https://www.mouser.com/Search/Refine.aspx?Keyword=595-ISO7421DR";"";"";"";"";"";"";"";"";"";
"IC6";"ISO JSN";"ISO7421DR";"SOIC127P600X175-8N";"Dual Channel, 1/1, 1Mbps Digital Isolator";"";"";"";"Dual Channel, 1/1, 1Mbps Digital Isolator";"1.75mm";"Texas Instruments";"ISO7421DR";"";"595-ISO7421DR";"https://www.mouser.com/Search/Refine.aspx?Keyword=595-ISO7421DR";"";"";"";"";"";"";"";"";"";
"J1";"SWD";"M50-4910545";"M504910545";"Headers & Wire Housings 5+5 DIL SMT Shrd P/HDR W/PEGS";"";"";"";"Headers & Wire Housings 5+5 DIL SMT Shrd P/HDR W/PEGS";"6.35mm";"HARWIN";"M50-4910545";"";"855-M50-4910545";"https://www.mouser.com/Search/Refine.aspx?Keyword=855-M50-4910545";"";"";"";"";"";"";"";"";"";
"J2";"SW_LED_Status";"22-28-5027";"HDRV2W66P0X254_1X2_508X249X106";"Headers & Wire Housings KK 100 Hdr Assy Bkwy Bkwy 02 Ckt 30 SGold";"";"";"";"Headers & Wire Housings KK 100 Hdr Assy Bkwy Bkwy 02 Ckt 30 SGold";"10.67mm";"Molex";"22-28-5027";"";"538-22-28-5027";"https://www.mouser.com/Search/Refine.aspx?Keyword=538-22-28-5027";"";"";"";"";"";"";"";"";"";
"J3";"RTC";"SSQ-106-03-T-S";"RHDR6W64P254_1X6_1575X241X851P";"CONN  SOCKET, 2.54MM, THT VERT, 6POS";"";"";"";"CONN  SOCKET, 2.54MM, THT VERT, 6POS";"8.51mm";"SAMTEC";"SSQ-106-03-T-S";"";"200-SSQ10603TS";"https://www.mouser.com/Search/Refine.aspx?Keyword=200-SSQ10603TS";"";"";"";"";"";"1801175";"http://uk.rs-online.com/web/p/products/1801175";"";"";
"J4";"10119313-301TLF";"10119313-301TLF";"10119313301TLF";"MIN-SAS HD ASY";"";"";"";"MIN-SAS HD ASY";"9mm";"Amphenol";"10119313-301TLF";"";"649-10119313-301TLF";"https://www.mouser.com/Search/Refine.aspx?Keyword=649-10119313-301TLF";"";"";"";"";"";"";"";"";"";
"J5";"DIO1";"22-28-5030";"22285030";"Headers & Wire Housings KK 100 Hdr Assy Bkwy Assy Bkwy 03 Ckt Tin";"";"";"";"Headers & Wire Housings KK 100 Hdr Assy Bkwy Assy Bkwy 03 Ckt Tin";"9.38mm";"Molex";"22-28-5030";"";"538-22-28-5030";"https://www.mouser.com/Search/Refine.aspx?Keyword=538-22-28-5030";"";"";"";"";"";"";"";"";"";
"J6";"SW_LED_LoRa";"22-28-5027";"HDRV2W66P0X254_1X2_508X249X106";"Headers & Wire Housings KK 100 Hdr Assy Bkwy Bkwy 02 Ckt 30 SGold";"";"";"";"Headers & Wire Housings KK 100 Hdr Assy Bkwy Bkwy 02 Ckt 30 SGold";"10.67mm";"Molex";"22-28-5027";"";"538-22-28-5027";"https://www.mouser.com/Search/Refine.aspx?Keyword=538-22-28-5027";"";"";"";"";"";"";"";"";"";
"J7";"I2C";"22-28-5044";"22285044";"Headers & Wire Housings KK 100 Hdr Assy Bkwy Bkwy 04 Ckt 15 SGold";"";"";"";"Headers & Wire Housings KK 100 Hdr Assy Bkwy Bkwy 04 Ckt 15 SGold";"2.29mm";"Molex";"22-28-5044";"";"538-22-28-5044";"https://www.mouser.com/Search/Refine.aspx?Keyword=538-22-28-5044";"";"";"";"";"";"";"";"";"";
"J8";"FTDI";"SSQ-106-03-T-S";"RHDR6W64P254_1X6_1575X241X851P";"CONN  SOCKET, 2.54MM, THT VERT, 6POS";"";"";"";"CONN  SOCKET, 2.54MM, THT VERT, 6POS";"8.51mm";"SAMTEC";"SSQ-106-03-T-S";"";"200-SSQ10603TS";"https://www.mouser.com/Search/Refine.aspx?Keyword=200-SSQ10603TS";"";"";"";"";"";"1801175";"http://uk.rs-online.com/web/p/products/1801175";"";"";
"J9";"JST-XH 3p";"JST-XH-03-PIN-LONG-PAD";"JST-XH-03-PACKAGE-LONG-PAD";"JST XH Connector 2 Pin";"";"";"";"";"";"";"";"";"";"";"";"";"";"";"";"";"";"";"";
"J10";"JST-XH 3p";"JST-XH-03-PIN-LONG-PAD";"JST-XH-03-PACKAGE-LONG-PAD";"JST XH Connector 2 Pin";"";"";"";"";"";"";"";"";"";"";"";"";"";"";"";"";"";"";"";
"J11";"ICSP";"30306-6002HB-BOX";"AVRISP-BOX";"AVR ISP HEADER";"";"";"";"";"";"";"";"";"";"";"";"";"";"";"";"";"";"";"";
"J12";"DIO SW";"22-28-5027";"HDRV2W66P0X254_1X2_508X249X106";"Headers & Wire Housings KK 100 Hdr Assy Bkwy Bkwy 02 Ckt 30 SGold";"";"";"";"Headers & Wire Housings KK 100 Hdr Assy Bkwy Bkwy 02 Ckt 30 SGold";"10.67mm";"Molex";"22-28-5027";"";"538-22-28-5027";"https://www.mouser.com/Search/Refine.aspx?Keyword=538-22-28-5027";"";"";"";"";"";"";"";"";"";
"L1";"BLM18PG471SN1D";"BLM18PG471SN1D";"BEADC1608X95N";"BLM18_N1D Series EMI Suppression Filter 470+/-25% at 100MHz 1A @85";"";"";"";"BLM18_N1D Series EMI Suppression Filter 470+/-25% at 100MHz 1A @85";"0.95mm";"Murata Electronics";"BLM18PG471SN1D";"";"81-BLM18PG471SN1D";"https://www.mouser.com/Search/Refine.aspx?Keyword=81-BLM18PG471SN1D";"";"";"";"";"";"7241425P";"http://uk.rs-online.com/web/p/products/7241425P";"";"";
"Q1";"SI2365EDS-T1-GE3";"SI2365EDS-T1-GE3";"SOT95P237X112-3N";"Vishay SI2365EDS-T1-GE3 P-channel MOSFET Transistor, 4.7 A, -20 V, 3-Pin TO-236";"";"";"";"Vishay SI2365EDS-T1-GE3 P-channel MOSFET Transistor, 4.7 A, -20 V, 3-Pin TO-236";"1.12mm";"Vishay";"SI2365EDS-T1-GE3";"";"78-SI2365EDS-T1-GE3";"https://www.mouser.com/Search/Refine.aspx?Keyword=78-SI2365EDS-T1-GE3";"";"";"";"";"";"8123139P";"http://uk.rs-online.com/web/p/products/8123139P";"";"";
"Q2";"SI2365EDS-T1-GE3";"SI2365EDS-T1-GE3";"SOT95P237X112-3N";"Vishay SI2365EDS-T1-GE3 P-channel MOSFET Transistor, 4.7 A, -20 V, 3-Pin TO-236";"";"";"";"Vishay SI2365EDS-T1-GE3 P-channel MOSFET Transistor, 4.7 A, -20 V, 3-Pin TO-236";"1.12mm";"Vishay";"SI2365EDS-T1-GE3";"";"78-SI2365EDS-T1-GE3";"https://www.mouser.com/Search/Refine.aspx?Keyword=78-SI2365EDS-T1-GE3";"";"";"";"";"";"8123139P";"http://uk.rs-online.com/web/p/products/8123139P";"";"";
"Q3";"SI2365EDS-T1-GE3";"SI2365EDS-T1-GE3";"SOT95P237X112-3N";"Vishay SI2365EDS-T1-GE3 P-channel MOSFET Transistor, 4.7 A, -20 V, 3-Pin TO-236";"";"";"";"Vishay SI2365EDS-T1-GE3 P-channel MOSFET Transistor, 4.7 A, -20 V, 3-Pin TO-236";"1.12mm";"Vishay";"SI2365EDS-T1-GE3";"";"78-SI2365EDS-T1-GE3";"https://www.mouser.com/Search/Refine.aspx?Keyword=78-SI2365EDS-T1-GE3";"";"";"";"";"";"8123139P";"http://uk.rs-online.com/web/p/products/8123139P";"";"";
"R1";"10k";"CRCW120610K0FKEAC";"RESC3216X60N";"Thick Film Resistors - SMD 1/4Watt 10Kohms 1% Commercial Use";"";"";"";"Thick Film Resistors - SMD 1/4Watt 10Kohms 1% Commercial Use";"0.6mm";"Vishay";"CRCW120610K0FKEAC";"";"71-CRCW120610K0FKEAC";"https://www.mouser.com/Search/Refine.aspx?Keyword=71-CRCW120610K0FKEAC";"";"";"";"";"";"";"";"";"";
"R2";"10k";"CRCW120610K0FKEAC";"RESC3216X60N";"Thick Film Resistors - SMD 1/4Watt 10Kohms 1% Commercial Use";"";"";"";"Thick Film Resistors - SMD 1/4Watt 10Kohms 1% Commercial Use";"0.6mm";"Vishay";"CRCW120610K0FKEAC";"";"71-CRCW120610K0FKEAC";"https://www.mouser.com/Search/Refine.aspx?Keyword=71-CRCW120610K0FKEAC";"";"";"";"";"";"";"";"";"";
"R3";"10k";"CRCW120610K0FKEAC";"RESC3216X60N";"Thick Film Resistors - SMD 1/4Watt 10Kohms 1% Commercial Use";"";"";"";"Thick Film Resistors - SMD 1/4Watt 10Kohms 1% Commercial Use";"0.6mm";"Vishay";"CRCW120610K0FKEAC";"";"71-CRCW120610K0FKEAC";"https://www.mouser.com/Search/Refine.aspx?Keyword=71-CRCW120610K0FKEAC";"";"";"";"";"";"";"";"";"";
"R4";"10k";"CRCW120610K0FKEAC";"RESC3216X60N";"Thick Film Resistors - SMD 1/4Watt 10Kohms 1% Commercial Use";"";"";"";"Thick Film Resistors - SMD 1/4Watt 10Kohms 1% Commercial Use";"0.6mm";"Vishay";"CRCW120610K0FKEAC";"";"71-CRCW120610K0FKEAC";"https://www.mouser.com/Search/Refine.aspx?Keyword=71-CRCW120610K0FKEAC";"";"";"";"";"";"";"";"";"";
"R5";"0.1k";"CRCW1206100RFKEAC";"RESC3216X60N";"Thick Film Resistors - SMD 1/4Watt 100ohms 1% Commercial Use";"";"";"";"Thick Film Resistors - SMD 1/4Watt 100ohms 1% Commercial Use";"0.6mm";"Vishay";"CRCW1206100RFKEAC";"";"71-CRCW1206100RFKEAC";"https://www.mouser.com/Search/Refine.aspx?Keyword=71-CRCW1206100RFKEAC";"";"";"";"";"";"";"";"";"";
"R6";"10k";"CRCW120610K0FKEAC";"RESC3216X60N";"Thick Film Resistors - SMD 1/4Watt 10Kohms 1% Commercial Use";"";"";"";"Thick Film Resistors - SMD 1/4Watt 10Kohms 1% Commercial Use";"0.6mm";"Vishay";"CRCW120610K0FKEAC";"";"71-CRCW120610K0FKEAC";"https://www.mouser.com/Search/Refine.aspx?Keyword=71-CRCW120610K0FKEAC";"";"";"";"";"";"";"";"";"";
"R7";"100k";"CRCW1206100KFKEAC";"RESC3216X60N";"Thick Film Resistors - SMD 1/4Watt 100Kohms 1% Commercial Use";"";"";"";"Thick Film Resistors - SMD 1/4Watt 100Kohms 1% Commercial Use";"0.6mm";"Vishay";"CRCW1206100KFKEAC";"";"71-CRCW1206100KFKEAC";"https://www.mouser.com/Search/Refine.aspx?Keyword=71-CRCW1206100KFKEAC";"";"";"";"";"";"";"";"";"";
"R8";"4.7k";"CRCW12064K70JNEA";"RESC3216X60N";"Thick Film;Res 4.7 K; 0.25 W;Tol 5%1206 Vishay CRCW Series Thick Film Resistor 1206 Case 4.7k +/-5% 0.25W +/-200ppm/K";"70204348";"http://www.alliedelec.com/vishay-dale-crcw12064k70jnea/70204348/";"";"Thick Film";"Res 4.7 K";" 0.25 W";"Tol 5%1206 Vishay CRCW Series Thick Film Resistor 1206 Case 4.7k +/-5% 0.25W +/-200ppm/K";"0.6mm";"Vishay";"CRCW12064K70JNEA";"";"71-CRCW1206J-4.7K-E3";"https://www.mouser.com/Search/Refine.aspx?Keyword=71-CRCW1206J-4.7K-E3";"";"";"";"";"";"8429276";
"R9";"4.7k";"CRCW12064K70JNEA";"RESC3216X60N";"Thick Film;Res 4.7 K; 0.25 W;Tol 5%1206 Vishay CRCW Series Thick Film Resistor 1206 Case 4.7k +/-5% 0.25W +/-200ppm/K";"70204348";"http://www.alliedelec.com/vishay-dale-crcw12064k70jnea/70204348/";"";"Thick Film";"Res 4.7 K";" 0.25 W";"Tol 5%1206 Vishay CRCW Series Thick Film Resistor 1206 Case 4.7k +/-5% 0.25W +/-200ppm/K";"0.6mm";"Vishay";"CRCW12064K70JNEA";"";"71-CRCW1206J-4.7K-E3";"https://www.mouser.com/Search/Refine.aspx?Keyword=71-CRCW1206J-4.7K-E3";"";"";"";"";"";"8429276";
"R10";"4.7k";"CRCW12064K70JNEA";"RESC3216X60N";"Thick Film;Res 4.7 K; 0.25 W;Tol 5%1206 Vishay CRCW Series Thick Film Resistor 1206 Case 4.7k +/-5% 0.25W +/-200ppm/K";"70204348";"http://www.alliedelec.com/vishay-dale-crcw12064k70jnea/70204348/";"";"Thick Film";"Res 4.7 K";" 0.25 W";"Tol 5%1206 Vishay CRCW Series Thick Film Resistor 1206 Case 4.7k +/-5% 0.25W +/-200ppm/K";"0.6mm";"Vishay";"CRCW12064K70JNEA";"";"71-CRCW1206J-4.7K-E3";"https://www.mouser.com/Search/Refine.aspx?Keyword=71-CRCW1206J-4.7K-E3";"";"";"";"";"";"8429276";
"R11";"65Ω";"CRCW120664R9FKEA";"RESC3216X60N";"RESISTOR, 1206 64.9 Ohms +/- 1 % 0.25W";"";"";"";"RESISTOR, 1206 64.9 Ohms +/- 1 % 0.25W";"0.6mm";"Vishay";"CRCW120664R9FKEA";"";"71-CRCW1206-64.9-E3";"https://www.mouser.com/Search/Refine.aspx?Keyword=71-CRCW1206-64.9-E3";"";"";"";"";"";"";"";"";"";
"R12";"65Ω";"CRCW120664R9FKEA";"RESC3216X60N";"RESISTOR, 1206 64.9 Ohms +/- 1 % 0.25W";"";"";"";"RESISTOR, 1206 64.9 Ohms +/- 1 % 0.25W";"0.6mm";"Vishay";"CRCW120664R9FKEA";"";"71-CRCW1206-64.9-E3";"https://www.mouser.com/Search/Refine.aspx?Keyword=71-CRCW1206-64.9-E3";"";"";"";"";"";"";"";"";"R";
"R13";"0.1k";"CRCW1206100RFKEAC";"RESC3216X60N";"Thick Film Resistors - SMD 1/4Watt 100ohms 1% Commercial Use";"";"";"";"Thick Film Resistors - SMD 1/4Watt 100ohms 1% Commercial Use";"0.6mm";"Vishay";"CRCW1206100RFKEAC";"";"71-CRCW1206100RFKEAC";"https://www.mouser.com/Search/Refine.aspx?Keyword=71-CRCW1206100RFKEAC";"";"";"";"";"";"";"";"";"";
"R14";"10k";"CRCW120610K0FKEAC";"RESC3216X60N";"Thick Film Resistors - SMD 1/4Watt 10Kohms 1% Commercial Use";"";"";"";"Thick Film Resistors - SMD 1/4Watt 10Kohms 1% Commercial Use";"0.6mm";"Vishay";"CRCW120610K0FKEAC";"";"71-CRCW120610K0FKEAC";"https://www.mouser.com/Search/Refine.aspx?Keyword=71-CRCW120610K0FKEAC";"";"";"";"";"";"";"";"";"";
"R15";"39Ω";"CRCW120639R0JNEA";"RESC3216X60N";"RESISTOR, 1206 39 Ohms +/-5% 0.25W";"";"";"";"RESISTOR, 1206 39 Ohms +/-5% 0.25W";"0.6mm";"Vishay";"CRCW120639R0JNEA";"";"71-CRCW1206J-39-E3";"https://www.mouser.com/Search/Refine.aspx?Keyword=71-CRCW1206J-39-E3";"";"";"";"";"";"";"";"";"";
"R16";"39Ω";"CRCW120639R0JNEA";"RESC3216X60N";"RESISTOR, 1206 39 Ohms +/-5% 0.25W";"";"";"";"RESISTOR, 1206 39 Ohms +/-5% 0.25W";"0.6mm";"Vishay";"CRCW120639R0JNEA";"";"71-CRCW1206J-39-E3";"https://www.mouser.com/Search/Refine.aspx?Keyword=71-CRCW1206J-39-E3";"";"";"";"";"";"";"";"";"";
"R17";"1k8";"CRCW12061K80JNEA";"RESC3216X60N";"RESISTOR, 1206 1.8K Ohms +/-5% 0.25W";"";"";"";"RESISTOR, 1206 1.8K Ohms +/-5% 0.25W";"0.6mm";"Vishay";"CRCW12061K80JNEA";"";"71-CRCW1206J-1.8K-E3";"https://www.mouser.com/Search/Refine.aspx?Keyword=71-CRCW1206J-1.8K-E3";"";"";"";"";"";"";"";"";"";
"R18";"3k3";"CRCW12063K30JNEA";"RESC3216X60N";"Vishay CRCW Series Thick Film Resistor 1206 Case 3.3k +/-5% 0.25W +/-200ppm/K";"70204338";"https://www.alliedelec.com/vishay-dale-crcw12063k30jnea/70204338/";"";"Vishay CRCW Series Thick Film Resistor 1206 Case 3.3k +/-5% 0.25W +/-200ppm/K";"0.6mm";"Vishay";"CRCW12063K30JNEA";"";"71-CRCW1206J-3.3K-E3";"https://www.mouser.com/Search/Refine.aspx?Keyword=71-CRCW1206J-3.3K-E3";"";"";"";"";"";"8429241";"http://uk.rs-online.com/web/p/products/8429241";"";"";
"R19";"10k";"CRCW120610K0FKEAC";"RESC3216X60N";"Thick Film Resistors - SMD 1/4Watt 10Kohms 1% Commercial Use";"";"";"";"Thick Film Resistors - SMD 1/4Watt 10Kohms 1% Commercial Use";"0.6mm";"Vishay";"CRCW120610K0FKEAC";"";"71-CRCW120610K0FKEAC";"https://www.mouser.com/Search/Refine.aspx?Keyword=71-CRCW120610K0FKEAC";"";"";"";"";"";"";"";"";"";
"R21";"10k";"CRCW120610K0FKEAC";"RESC3216X60N";"Thick Film Resistors - SMD 1/4Watt 10Kohms 1% Commercial Use";"";"";"";"Thick Film Resistors - SMD 1/4Watt 10Kohms 1% Commercial Use";"0.6mm";"Vishay";"CRCW120610K0FKEAC";"";"71-CRCW120610K0FKEAC";"https://www.mouser.com/Search/Refine.aspx?Keyword=71-CRCW120610K0FKEAC";"";"";"";"";"";"";"";"";"";
"S1";"RX";"SWITCH-SPDT-PTH-11.6X4.0MM";"SWITCH_SPDT_PTH_11.6X4.0MM";"Single Pole, Double Throw (SPDT) Switch";"";"";"";"";"";"";"";"";"";"";"";"";"";"";"SWCH-08261";"";"";"COM-00102";"";
"S2";"LoRa reset";"EVP-BFAC1A000";"EVPBFAC1A000";"Tactile Switches 6.0x6.0x3.4mm 2N w/4 Term .25mm Trvl IP67";"70900260";"https://www.alliedelec.com/panasonic-evp-bfac1a000/70900260/";"";"Tactile Switches 6.0x6.0x3.4mm 2N w/4 Term .25mm Trvl IP67";"3.7mm";"Panasonic";"EVP-BFAC1A000";"";"667-EVP-BFAC1A000";"https://www.mouser.com/Search/Refine.aspx?Keyword=667-EVP-BFAC1A000";"";"";"";"";"";"";"";"";"";
"S3";"On/Off";"SWITCH-SPDT-PTH-11.6X4.0MM";"SWITCH_SPDT_PTH_11.6X4.0MM";"Single Pole, Double Throw (SPDT) Switch";"";"";"";"";"";"";"";"";"";"";"";"";"";"";"SWCH-08261";"";"";"COM-00102";"";
"S4";"RX";"SWITCH-SPDT-PTH-11.6X4.0MM";"SWITCH_SPDT_PTH_11.6X4.0MM";"Single Pole, Double Throw (SPDT) Switch";"";"";"";"";"";"";"";"";"";"";"";"";"";"";"SWCH-08261";"";"";"COM-00102";"";
"S5";"TX";"SWITCH-SPDT-PTH-11.6X4.0MM";"SWITCH_SPDT_PTH_11.6X4.0MM";"Single Pole, Double Throw (SPDT) Switch";"";"";"";"";"";"";"";"";"";"";"";"";"";"";"SWCH-08261";"";"";"COM-00102";"";
"S6";"MCU reset";"EVP-BFAC1A000";"EVPBFAC1A000";"Tactile Switches 6.0x6.0x3.4mm 2N w/4 Term .25mm Trvl IP67";"70900260";"https://www.alliedelec.com/panasonic-evp-bfac1a000/70900260/";"";"Tactile Switches 6.0x6.0x3.4mm 2N w/4 Term .25mm Trvl IP67";"3.7mm";"Panasonic";"EVP-BFAC1A000";"";"667-EVP-BFAC1A000";"https://www.mouser.com/Search/Refine.aspx?Keyword=667-EVP-BFAC1A000";"";"";"";"";"";"";"";"";"";
"S7";"TX";"SWITCH-SPDT-PTH-11.6X4.0MM";"SWITCH_SPDT_PTH_11.6X4.0MM";"Single Pole, Double Throw (SPDT) Switch";"";"";"";"";"";"";"";"";"";"";"";"";"";"";"SWCH-08261";"";"";"COM-00102";"";
"SMA1";"CONSMA001-SMD-G";"CONSMA001-SMD-G";"LINX_CONSMA001-SMD-G";"50 Ohm Gold Plated Female PCB Mount SMA Connector";"";"";"Unavailable";" 50 Ohm Gold Plated Female PCB Mount SMA Connector ";"";"";"";"Linx Technologies";"";"";"CONSMA001-SMD-G";"None";"";"None";"";"";"";"";"";
"U1";"ATSAMD21G";"ATSAMD21G";"QFP50P900X900X120-48N";"Atmel SAMD21G SMART ARM-Based Microcontroller";"";"";"";"";"";"";"";"";"";"";"";"";"";"";"";"";"";"";"";
"U2";"DS3231SN#";"DS3231S#";"SOIC127P1032X265-16N";"Real Time Clock Serial Maxim DS3231S#, Real Time Clock Serial-I2C, 16-Pin SOIC";"";"";"";"Real Time Clock Serial Maxim DS3231S#, Real Time Clock Serial-I2C, 16-Pin SOIC";"2.65mm";"Maxim Integrated";"DS3231S#";"";"700-DS3231S#";"https://www.mouser.com/Search/Refine.aspx?Keyword=700-DS3231S%23";"";"";"";"";"";"1898394P";"http://uk.rs-online.com/web/p/products/1898394P";"";"";
"U3";"BAT-HLD-001-THM";"BAT-HLD-001-THM";"BATHLD001THM";"Coin Cell Battery Holders Bat Hld CR2032/2025 Through-hole Mount";"";"";"";"Coin Cell Battery Holders Bat Hld CR2032/2025 Through-hole Mount";"4.2mm";"Linx Technologies";"BAT-HLD-001-THM";"";"712-BAT-HLD-001-THM";"https://www.mouser.com/Search/Refine.aspx?Keyword=712-BAT-HLD-001-THM";"";"";"";"";"";"";"";"";"";
"Y1";"8/16/48 MHz";"XTAL/S";"QS";"CRYSTAL";"";"";"";"";"";"";"";"";"";"";"";"";"59";"";"";"";"";"";"";
"Y2";"32kHz";"CFS-20632768EZBB";"CFS20632768EZBB";"Crystals 32.768KHz10ppm 6pF";"";"";"";"Crystals 32.768KHz10ppm 6pF";"6.2mm";"Citizen Finetech Miyota";"CFS-20632768EZBB";"";"695-CFS-20632768EZBB";"https://www.mouser.com/Search/Refine.aspx?Keyword=695-CFS-20632768EZBB";"";"";"";"";"";"";"";"";"";
